{
  "model": "/home/jasontitus/finetuneparakeet/checkpoints/lt-ft-wsl/epoch01.nemo",
  "manifest": "/home/jasontitus/finetuneparakeet/data/manifests/cv25_lt_test.json",
  "n_clips": 5644,
  "audio_seconds": 29441.93599999994,
  "wall_seconds": 59.13580083847046,
  "rtfx": 497.8699126848834,
  "wer": 0.13862633900441085,
  "cer": 0.028181110137550244
}