{
  "model": "/home/jasontitus/finetuneparakeet/checkpoints/lt-ft-wsl/epoch00.nemo",
  "manifest": "/home/jasontitus/finetuneparakeet/data/manifests/cv25_lt_test.json",
  "n_clips": 5644,
  "audio_seconds": 29441.93599999994,
  "wall_seconds": 59.340778827667236,
  "rtfx": 496.15014466700654,
  "wer": 0.1405692081495484,
  "cer": 0.028984297853993687
}